DID,Sex,First Name,Last Name,DOB,Address1,Address2,Impairment,Height,Eye Color,ID Type,ID Number,TIN,Contact Number,Email Address
D1000,Male,Savon,Garner,25/09/1998,Lot 167 Church Street,Georgetown,Hearing Impairment,151,Brown,Passport,R5669564,651600699,5927074554,daniel.gomes@outlook.com
D1001,Female,Kizzy,Abrams,05/06/1990,Lot 114 Camp Street,Georgetown,Visual Impairments,185,Brown,Other,475749737,561129996,5926308421,sharon.adams@outlook.com
D1002,Male,Ravi,Singh,20/07/1985,102 Henrietta Village,Anna Regina,NULL,176,Brown,Passport,R2667614,143062287,5927316053,anita.singh@yahoo.com
D1003,Male,Rakesh,Ali,28/03/2000,Lot 110 Water Street,Georgetown,Hearing Impairment,186,Brown,National ID,745020173,982416770,5926893267,rakesh.ali@yahoo.com
D1004,Female,Sharon,Adams,21/09/2000,Lot 10 Church Street,New Amsterdam,NULL,186,Hazel,Other,735007622,882477480,5927359685,sharon.adams@yahoo.com
D1005,Female,Sherry,Johnson,16/04/2002,Lot 4 Main Street,New Amsterdam,Hearing Impairment,190,Hazel,Passport,R4028140,204652045,5926103308,alicia.johnson@outlook.com
D1006,Female,Sharon,Adams,22/10/2000,Lot 27 Queenstown Housing Scheme,Anna Regina,NULL,174,Brown,Passport,R6765141,800870249,5927141778,sharon.adams@outlook.com
D1007,Male,Joel,Fraser,20/09/1998,Lot 12 Chapel Street,New Amsterdam,NULL,163,Brown,National ID,216110569,129719986,5927378772,joel.fraser@yahoo.com
D1008,Male,Kevin,Persaud,06/08/2000,Lot 14 Pitt Street,New Amsterdam,NULL,152,Brown,National ID,881672899,693205609,5926070797,kevin.persaud@outlook.com
D1009,Female,Alicia,Johnson,17/08/1998,Lot 11 Trinity Street,New Amsterdam,NULL,182,Brown,Passport,R4755772,773780952,5927994522,alicia.johnson@outlook.com
D1010,Male,Ramlall,Johnson,24/03/2004,Lot 52 Water Street,Georgetown,NULL,182,Hazel,Other,685237010,967309445,5927098077,alicia.johnson@yahoo.com
D1011,Male,Kevin,Persaud,23/07/2002,Lot 9 Theatre Alley,New Amsterdam,NULL,155,Brown,National ID,192355804,651466362,5926987767,kevin.persaud@yahoo.com
D1012,Female,Sharon,Adams,03/07/2001,Lot 6 Church Street,Georgetown,NULL,150,Brown,Passport,R4216707,699555508,5927155831,sharon.adams@outlook.com
D1013,Female,Alicia,Johnson,26/02/1985,Lot 45 Block X,Diamond,NULL,184,Hazel,Other,282670075,717433525,5926585526,alicia.johnson@gmail.com
D1014,Male,Daniel,Gomes,10/12/2000,Lot 8 First Street,Diamond,NULL,185,Brown,National ID,463856726,912488371,5926527267,daniel.gomes@outlook.com
D1015,Male,Joshua,Fraser,25/02/2003,Lot 17 Water Street,Georgetown,NULL,173,Brown,Other,282734422,644532964,5926368217,joel.fraser@outlook.com
D1016,Male,Jaden,Mohan,08/12/1985,Lot 22 Second Avenue,Diamond,NULL,168,Brown,Passport,R2022826,971271719,5926126326,ravi.mohan@yahoo.com
D1017,Male,Rakesh,Ali,03/12/2000,Lot 5 Burnham Drive,Linden,NULL,172,Brown,Other,979228632,860949488,5927141983,rakesh.ali@yahoo.com
D1018,Female,Melissa,Peters,16/03/2005,Lot 177 Main Street,Georgetown,NULL,151,Hazel,National ID,540551158,252655122,5927183614,melissa.peters@outlook.com
D1019,Female,Sharon,Davis,11/05/1990,Lot 157 Water Street,Georgetown,NULL,158,Hazel,National ID,380144777,124034773,5927135153,sharon.adams@gmail.com
D1020,Female,Anita,Singh,05/03/2000,Lot 21–24 Princess Elizabeth Road,New Amsterdam,NULL,188,Brown,Passport,R4280369,366633209,5926834545,anita.singh@gmail.com
D1021,Female,Anita,Persaud,08/10/2000,Lot 152 Lance Gibbs Street,Georgetown,NULL,172,Brown,National ID,545436246,296982142,5927806751,anita.singh@outlook.com
D1022,Male,Daniel,Ali,27/04/2000,Lot 23 Church Street,Georgetown,NULL,167,Brown,Passport,R0817766,503210896,5926829702,rakesh.ali@gmail.com
D1023,Male,Rajiv,Khan,12/09/1998,Lot 18 Amelia’s Ward,Linden,NULL,150,Hazel,Passport,R3960308,922101261,5927211514,rajiv.khan@yahoo.com
D1024,Male,Ravi,Persaud,16/11/1985,Lot 14 Richmond Hill,Anna Regina,NULL,150,Brown,Other,208154596,378921710,5927731518,ravi.mohan@yahoo.com
D1025,Female,Anita,Singh,06/01/1990,Lot 26 Back Street,Diamond,NULL,184,Brown,Passport,R9513617,996226693,5926132497,anita.singh@yahoo.com
D1026,Male,Daniel,Gomes,10/07/2000,Lot 3 Vryman’s Erven Road,New Amsterdam,NULL,151,Hazel,National ID,456210278,958430243,5927106585,daniel.gomes@outlook.com
D1027,Male,Kevin,Persaud,08/02/2003,Lot 148 Crown Street,Georgetown,NULL,176,Brown,Other,113266239,219951481,5926151449,kevin.persaud@gmail.com
D1028,Female,Kerryann,Johnson,13/01/2000,Lot 16 Coburg Street,New Amsterdam,NULL,168,Hazel,Other,169971867,848238212,5927779478,alicia.johnson@gmail.com
D1029,Male,Ravi,Mohan,12/09/2003,Lot 45 Cotton Field Road,Anna Regina,NULL,186,Hazel,National ID,405184401,202582948,5926967950,ravi.mohan@gmail.com
D1030,Male,Rakesh,Ali,07/06/1990,Lot 11 Main Street,New Amsterdam,NULL,182,Brown,Passport,R1382229,320629138,5927697933,rakesh.ali@yahoo.com
D1031,Male,Jaheim,Pindar,28/10/2002,Lot 56 Lima Sands Public Road,Anna Regina,NULL,180,Brown,Passport,R2929450,839680742,5926418043,alicia.johnson@gmail.com
D1032,Female,Nicole,DaSilva,26/11/1990,Lot 28 Seventh Street,Diamond,NULL,170,Hazel,Passport,R8799908,938052407,5927758736,sharon.adams@yahoo.com
D1033,Male,Daniel,Braithwaite,08/11/2000,Lot 35 Craig Street,Georgetown,NULL,168,Brown,Passport,R6379598,335514828,5927113656,daniel.gomes@outlook.com
D1034,Male,Kevin,Ali,20/04/1999,Lot 1 Main Street,New Amsterdam,NULL,190,Brown,Other,749685575,644287600,5926331700,rakesh.ali@yahoo.com
D1035,Female,Devi,Persaud,24/10/1990,Lot 73 Onderneeming Sandpit Road,Anna Regina,NULL,175,Brown,Other,210355707,883770323,5927513199,kevin.persaud@gmail.com
D1036,Male,Rakesh,Barkoy,13/07/1999,Lot 7 Blueberry Hill Road,Linden,NULL,184,Brown,National ID,765783049,625565367,5927740920,rakesh.ali@gmail.com
D1037,Male,Rajiv,Khan,26/04/2003,Lot 8 Main Street,Anna Regina,NULL,169,Brown,Passport,R2358685,609264526,5927424192,rajiv.khan@yahoo.com
D1038,Male,Kevin,Persaud,17/05/2004,Lot 100 Water Street,Georgetown,NULL,190,Brown,Passport,R9517373,110360591,5927496762,kevin.persaud@gmail.com
D1039,Male,Rajiv,Khan,07/04/2001,Lot 9 Half Mile Extension Road,Linden,NULL,177,Hazel,National ID,467657274,410573487,5927126879,rajiv.khan@outlook.com
D1040,Male,Daniel,Gomes,03/02/2002,King Street,New Amsterdam,NULL,150,Brown,Passport,R0420944,531088565,5927876167,daniel.gomes@gmail.com
D1041,Male,David,Adams,23/05/2004,Lot 11 Speightland Road,Linden,NULL,150,Hazel,Other,659061531,135569436,5926229203,sharon.adams@gmail.com
D1042,Female,Deliah,Spenser,10/12/2001,Lot 18 Strand Road,New Amsterdam,NULL,152,Hazel,Other,805534817,316618157,5927683328,sharon.adams@outlook.com
D1043,Male,Avish,Singh,09/07/2003,Lot 12 Richmond Housing Scheme,Anna Regina,NULL,167,Hazel,Passport,R9505517,342977520,5927767459,anita.singh@yahoo.com
D1044,Female,Melissa,Peters,16/10/2001,Lot 9 Ninth Street,Diamond,NULL,188,Brown,Other,105451309,145030220,5926374649,melissa.peters@outlook.com
D1045,Male,Ravi,Khan,18/08/1999,Lot 7 King Street,New Amsterdam,NULL,171,Hazel,Other,504499081,789535973,5927490628,ravi.mohan@yahoo.com
D1046,Male,Eli,Gomes,21/06/2001,Lot 87 Water Street,Diamond,NULL,151,Brown,Passport,R9002151,815802828,5927068139,daniel.gomes@gmail.com
D1047,Male,Ravi,Mohan,22/04/2000,Lot 22 Christianburg Road,Linden,NULL,173,Brown,Passport,R7911996,782219009,5927409878,ravi.mohan@gmail.com
D1048,Male,Kasey,Smith,24/01/2003,Lot 40 Tenth Avenue,Diamond,NULL,179,Brown,National ID,877254389,381726217,5926753669,anita.singh@outlook.com
D1049,Male,Joel,Fraser,06/11/2001,Lot 16 Coburg Street,New Amsterdam,NULL,152,Brown,Other,281383667,255101354,5926488239,joel.fraser@gmail.com
